"";"classe 1";"classe 2";"classe 3";"classe 4"
"gouvernement";0;0,18;0;0,71
"plan";0,835;0,002;0,762;0,001
"français";0,069;0,299;0,419;0,025
"europe";0,014;0;0;0
"allemand";0,472;0;0;0
"pays";0,145;0,053;0,003;0
"communauté";0;0;0;0
"schuman";0,107;0;0;0,926
"autorité";0;0;0,241;0,001
"haut";0;0;0,396;0,022
"allemagne";0,035;0;0;0
"charbon";0;0;0,004;0
"france";0,023;0;0,154;0
"commun";0;0,006;0,598;0
"mettre";0,384;0,426;0,751;0,701
"acier";0;0;0,038;0
"question";0,285;0,104;0;0
"conseil";0;0,146;0;0,069
"état";0,931;0,351;0,85;0,467
"traiter";0;0,001;0;0,943
"prendre";0,001;0,803;0,007;0,221
"européen";0,2;0;0,001;0
"assemblée";0;0,001;0;0,011
"politique";0,896;0;0;0
"président";0;0;0;0
"accord";0;0;0,003;0,002
"ministre";0;0;0,015;0
"comité";0,427;0,585;0;0
"nécessaire";0,127;0,012;0,022;0,224
"voir";0,285;0,174;0,026;0,056
"donner";0,485;0,867;0,28;0,596
"demander";0,003;0,001;0,019;0,004
"permettre";0,208;0,257;0;0,059
"projet";0,57;0;0;0
"national";0,602;0;0,603;0,001
"production";0,015;0;0;0,001
"délégation";0,001;0;0;0
"base";0,005;0,711;0;0
"américain";0,049;0,956;0,074;0,82
"cours";0,139;0,071;0,019;0
"marché";0,86;0;0;0
"condition";0,829;0,697;0,016;0,002
"général";0,869;0,332;0,037;0,218
"défense";0,002;0;0,014;0
"premier";0,435;0,641;0,552;0,356
"part";0,986;0,449;0,878;0,518
"institution";0;0,927;0,007;0
"unir";0;0;0,636;0,51
"économique";0,48;0,249;0,505;0,008
"grand";0,001;0;0,073;0,01
"essentiel";0,759;0;0,486;0,001
"création";0,712;0,002;0,214;0
"représentant";0;0;0;0,226
"membre";0;0,002;0;0,067
"industrie";0,467;0,002;0;0,011
"ensemble";0,557;0,033;0,42;0
"disposition";0;0;0,248;0,006
"rapport";0,054;0,073;0,079;0,096
"proposer";0,411;0,539;0,104;0,152
"conversation";0,013;0;0;0
"possible";0,123;0,448;0;0,1
"actuel";0,229;0,021;0,51;0,059
"concerner";0,004;0,022;0,854;0,694
"monnet";0;0;0;0
"effort";0;0;0,13;0
"article";0;0;0,998;0,005
"remettre";0,003;0,004;0,036;0
"organisation";0,001;0,011;0,066;0
"aller";0,05;0,001;0,024;0,551
"accepter";0,596;0,002;0,002;0,413
"ouest";0;0;0;0,001
"programme";0,002;0,039;0;0,002
"développement";0,001;0,064;0;0
"action";0,048;0,002;0,014;0,002
"travail";0,969;0,018;0,944;0,014
"assurer";0,009;0,168;0;0,49
"problème";0,015;0;0;0,034
"entreprise";0,153;0,091;0;0,002
"décision";0;0,578;0,005;0,625
"position";0;0,758;0,007;0,343
"négociation";0,029;0,031;0,012;0,034
"mesure";0;0,002;0,663;0,311
"discussion";0,604;0,189;0,006;0
"situation";0,174;0,003;0,824;0,045
"temps";0,198;0,063;0,022;0,003
"partie";0,005;0,715;0,888;0,014
"effet";0,022;0,824;0,336;0,223
"force";0,001;0;0,949;0,001
"conférence";0,002;0,003;0;0
"établir";0,152;0,652;0,579;0,637
"tenir";0,86;0,043;0,372;0,001
"jour";0,188;0,781;0,013;0
"réalisation";0,002;0;0,249;0,021
"prix";0,042;0;0;0,001
"apporter";0,004;0,002;0,495;0,651
"réunion";0,792;0,003;0,001;0
"proposition";0,562;0;0,006;0,192
"jean";0;0;0,002;0
"délégué";0;0,001;0,001;0,763
"cher";0;0;0;0
"moyen";0,154;0,51;0,001;0,009
"lettre";0,453;0;0;0
"contribution";0;0;0,063;0,003
"agir";0,016;0,928;0,414;0,067
"ressource";0;0;0;0,001
"rendre";0,133;0,061;0,249;0,111
"indispensable";0,244;0,123;0,063;0,021
"venir";0,002;0,744;0,859;0,002
"seulement";0,347;0,186;0,594;0,059
"mémorandum";0,287;0,002;0,079;0
"militaire";0,001;0;0,793;0,001
"dernier";0,177;0,113;0,648;0
"activité";0,042;0,003;0;0,001
"ruhr";0;0,003;0,002;0,02
"prévoir";0,298;0,055;0;0,001
"lieu";0,683;0,463;0,014;0,035
"financement";0;0;0;0,001
"modernisation";0;0;0;0,038
"forme";0,105;0;0,458;0,077
"sidérurgie";0,052;0,002;0,538;0,487
"objet";0,174;0,76;0,336;0,888
"nouveau";0,068;0;0,827;0,044
"poursuivre";0,301;0;0,044;0,02
"fédéral";0;0,05;0;0,954
"comprendre";0,451;0,123;0,101;0,414
"relation";0,222;0,018;0,051;0,058
"relatif";0;0,008;0,101;0,232
"affaire";0,895;0,71;0,023;0,005
"soumettre";0,619;0,003;0,233;0
"particulier";0,089;0,275;0,418;0,15
"parlement";0;0,011;0,008;0,027
"objectif";0,059;0,003;0,091;0,003
"année";0,008;0,084;0;0,031
"réponse";0,551;0,154;0,001;0,016
"participation";0,755;0;0,011;0,013
"conséquence";0,01;0,524;0,604;0,011
"solution";0,082;0;0,091;0,001
"intérêt";0;0,021;0,374;0,22
"difficulté";0,414;0,572;0,538;0,036
"réaliser";0,353;0,234;0;0,001
"public";0,001;0,03;0,007;0,103
"penser";0,069;0,041;0,031;0,059
"participer";0,659;0,016;0,079;0,194
"sarre";0;0,045;0,002;0,624
"moment";0,012;0;0,036;0,41
"initiative";0,082;0;0,197;0,103
"important";0,015;0,732;0,014;0,626
"également";0,686;0,884;0,255;0,156
"terme";0,092;0,299;0,824;0,007
"statut";0;0,884;0,001;0,02
"recommandation";0,018;0,194;0,37;0,003
"raison";0,375;0,677;0,419;0,191
"principe";0,001;0,677;0,004;0,249
"investissement";0,022;0;0;0,002
"financier";0,009;0,227;0;0,009
"engager";0,786;0,427;0,103;0,005
"compte";0,296;0,063;0,014;0,118
"charger";0,909;0,063;0;0,005
"application";0;0,025;0,419;0,005
"technique";0,426;0,314;0,003;0,282
"obtenir";0,686;0,812;0,355;0,806
"créer";0,069;0;0,328;0,028
"caisse";0,001;0,003;0;0,004
"cadre";0,313;0;0,024;0,002
"bretagne";0,011;0;0,028;0,01
"aide";0,002;0,017;0;0,178
"étranger";0,313;0,017;0,767;0,001
"trouver";0,482;0,153;0,301;0,065
"prochain";0,134;0,193;0,539;0,017
"fin";0,092;0,896;0,521;0,318
"exécution";0,99;0,025;0;0,102
"atlantique";0,026;0;0,002;0,076
"service";0,098;0,304;0,613;0,893
"international";0,009;0,118;0,007;0,076
"besoin";0,003;0,055;0;0,032
"aboutir";0,313;0,441;0,767;0,028
"période";0,016;0,01;0;0,004
"opinion";0,056;0,001;0,124;0,909
"observation";0,001;0,003;0,046;0
"fixer";0,093;0,154;0,167;0,102
"commission";0,051;0,02;0,009;0,002
"chancelier";0,122;0,055;0,009;0,002
"régler";0,269;0,38;0,278;0,303
"possibilité";0,098;0,304;0,167;0,453
"ordre";0,5;0,037;0,782;0,208
"niveau";0,023;0,046;0;0,005
"indiquer";0,9;0,617;0,783;0,492
"convenir";0,098;0,067;0,01;0
"texte";0,766;0,003;0,106;0
"territoire";0;0,004;0,144;0,005
"suivant";0,33;0,741;0,47;0,508
"suite";0,47;0,031;0,243;0
"peuple";0,716;0;0,017;0,005
"oeuvre";0,008;0,081;0,865;0,266
"manière";0,016;0,456;0,016;0,508
"hallstein";0,252;0,003;0,003;0
"fois";0,607;0,783;0,007;0,061
"conclusion";0;0,932;0,003;0,508
"souveraineté";0,049;0,01;0,046;0,004
"réarmement";0,007;0;0,054;0,005
"pied";0,716;0,002;0,318;0,005
"note";0,194;0,056;0,363;0
"montrer";0,019;0,01;0,101;0,052
"intéresser";0,005;0,001;0,782;0,732
"informer";0,164;0,015;0,004;0
"exposer";0,34;0,117;0,144;0
"envisager";0,049;0,38;0,528;0,016
"document";0,081;0,001;0,064;0
"consultatif";0;0,015;0,017;0,005
"connaître";0,607;0,876;0,054;0,021
"cas";0,001;0,046;0,017;0,358
"adresser";0,293;0,097;0,124;0
"seul";0,008;0,004;0,017;0,006
"pratique";0,607;0,015;0;0,019
"paix";0,164;0;0,054;0,005
"organisme";0;0,876;0,064;0,006
"esprit";0,023;0,002;0,144;0,65
"éviter";0,625;0,11;0,66;0,071
"unique";0,269;0,924;0;0,008
"sentiment";0,002;0,631;0,075;0
"rester";0,77;0,389;0,735;0,779
"pari";0,77;0,023;0,024;0
"mois";0,45;0,718;0,085;0,032
"italien";0;0,029;0,089;0,86
"fonction";0;0,974;0,024;0,083
"expert";0,097;0,023;0,024;0
"armée";0,005;0;0,04;0,011
"sujet";0,598;0,483;0,034;0,001
"snyder";0,005;0,003;0,01;0
"résulter";0,126;0,023;0,011;0,083
"résultat";0,229;0,631;0,039;0,779
"recevoir";0,116;0,084;0,456;0,005
"nécessité";0,454;0,191;0,039;0,007
"guerre";0,005;0;0,617;0,011
"déclaration";0,861;0,055;0,028;0,751
"décider";0,015;0,169;0,075;0,492
"crédit";0,015;0,01;0;0,01
"cour";0;0,002;0,007;0,86
"coopération";0,535;0,389;0,735;0,212
"actuellement";0,77;0,028;0,024;0,839
"élaboration";0,222;0,924;0,089;0,751
"règlement";0,02;0,245;0,034;0,114
"rapidement";0,042;0,581;0,798;0,192
"progrès";0,004;0,245;0;0,037
"mai";0,269;0,005;0,007;0,417
"intervenir";0;0,002;0,901;0,01
"importance";0,009;0,924;0,469;0,032
"envoyer";0,004;0,002;0,009;0
"droit";0,726;0,184;0,004;0,061
"belge";0,682;0,125;0,011;0,639
"rôle";0,007;0,646;0,678;0,052
"propre";0,598;0,818;0,061;0,114
"producteur";0,672;0,01;0;0,01
"nouvelle";0,065;0,487;0,261;0,114
"notamment";0,051;0,102;0;0,282
"janvier";0,504;0,068;0,442;0,056
"groupe";0,229;0,344;0,047;0,081
"constituer";0,17;0,245;0,261;0,114
"cause";0,959;0,243;0,901;0,149
"association";0,015;0,002;0,169;0,037
"étude";0,433;0,606;0,028;0,052
"établissement";0,295;0,56;0,128;0,044
"vie";0,092;0,184;0;0,016
"tâche";0,167;0,915;0,128;0,963
"tonne";0,037;0,029;0,003;0,106
"souhaiter";0,167;0,712;0,04;0,002
"répondre";0,062;0,56;0,302;0
"représenter";0,125;0,712;0,991;0,044
"parvenir";0,2;0,344;0,047;0
"occidental";0,023;0;0,144;0,013
"nato";0,513;0,01;0,02;0,251
"milliard";0,016;0,012;0;0,031
"laisser";0,2;0;0,012;0,157
"dépense";0,023;0,004;0;0,052
"disposer";0,682;0,56;0,002;0,044
"constitution";0,433;0;0,047;0,157
"atteindre";0,062;0,289;0;0,011
"adenauer";0,94;0,125;0,04;0
"union";0,285;0;0,199;0,073
"strasbourg";0,123;0,179;0,067;0,214
"semaine";0,834;0,152;0,012;0
"réunir";0,039;0,084;0,017;0,037
"présent";0,874;0,242;0,762;0,429
"partir";0,028;0,095;0,056;0,014
"occasion";0,433;0,977;0,144;0,023
"nombre";0,002;0,481;0,067;0,492
"modification";0,504;0,068;0,056;0
"fonds";0,023;0,016;0;0,157
"déconcentration";0;0,006;0,199;0,894
"domaine";0;0,152;0,047;0,013
"date";0,084;0,104;0,532;0,576
"continuer";0,433;0,316;0,678;0,869
"cartel";0,004;0,005;0,017;0,016
"caractère";0,007;0,055;0,348;0,869
"avis";0,089;0,977;0,348;0,374
"avenir";0,48;0,001;0,047;0,013
"amérique";0,008;0,004;0,853;0,894
"allié";0,171;0,008;0,014;0,061
"unité";0,092;0;0,402;0,183
"système";0,017;0,408;0,442;0,016
"sarrois";0;0,128;0,024;0,026
"responsabilité";0,004;0,068;0,762;0,429
"reconnaître";0,239;0,865;0,192;0,802
"rappeler";0,726;0,865;0,402;0,772
"présenter";0,06;0,184;0,169;0,407
"personnel";0,136;0,104;0,234;0
"passer";0,007;0,095;0,004;0,061
"particulièrement";0,239;0,503;0,816;0,772
"méthode";0,585;0,406;0,361;0,214
"loi";0,002;0,006;0,715;0,492
"limite";0,171;0,068;0,066;0,183
"fonctionnement";0,024;0,566;0,615;0,022
"expliquer";0,239;0,184;0,169;0
"exercer";0;0,408;0,169;0,016
"entrée";0;0,025;0,853;0,073
"entretien";0,052;0,918;0,094;0
"délai";0,39;0,184;0,192;0,429
"continental";0,043;0;0,02;0,022
"attendre";0,726;0,02;0,442;0,171
"approvisionnement";0,504;0,068;0;0,183
"washington";0,136;0,633;0,02;0,001
"terminer";0,98;0,848;0,017;0,008
"signature";0;0,031;0,079;0,992
"sentir";0,339;0,316;0,951;0,992
"répartition";0,084;0,031;0,006;0,022
"recommander";0,339;0,961;0,006;0,086
"préparer";0,585;0,749;0,017;0,008
"paraître";0,112;0,179;0,715;0,894
"matériel";0,008;0,406;0;0,019
"finance";0,035;0,006;0;0,894
"exiger";0,585;0,749;0,01;0,019
"développer";0,008;0,018;0,143;0,214
"discuter";0,285;0,084;0,017;0
"différent";0,339;0,961;0,028;0,251
"contrôle";0,123;0,848;0,361;0,019
"contribuer";0,035;0,063;0,044;0,073
"confier";0;0,031;0,02;0,251
"affecter";0,112;0,084;0;0,073
"vente";0;0,018;0,041;0,044
"soir";0,01;0,031;0,079;0
"sein";0,339;0,002;0,234;0,251
"relèvement";0,01;0,104;0;0,992
"poser";0,136;0,01;0,234;0,992
"placer";0,513;0,961;0,286;0,086
"maintenir";0,339;0,566;0,028;0,563
"final";0,001;0,031;0,079;0,576
"face";0,136;0,126;0,028;0,022
"empêcher";0,675;0,01;0,234;0,251
"début";0,084;0,566;0,079;0,576
"copie";0,013;0,009;0,024;0
"assurance";0,043;0,031;0,615;0
"annexe";0;0,039;0,094;0,904
"ajouter";0,01;0,961;0,103;0,259
"éliminer";0,477;0,013;0,835;0,031
"économie";0,413;0,128;0,003;0,026
"voie";0,013;0;0,609;0,294
"transitoire";0,477;0,012;0,113;0
"suivre";0,776;0,52;0,094;0,197
"suggérer";0,776;0,661;0,275;0,061
"rapide";0,403;0,236;0,515;0,294
"préparation";0,201;0,002;0,113;0,73
"participant";0,013;0,128;0,218;0,026
"opération";0,887;0,159;0;0,031
"modifier";0,033;0,411;0,323;0,031
"mission";0,055;0,039;0,07;0,102
"matin";0,165;0,009;0,024;0
"liaison";0;0,012;0,029;0,121
"intégration";0,201;0;0,113;0,031
"herter";0,019;0,062;0,034;0
"fournir";0,403;0,328;0,003;0,294
"fondamental";0,052;0,52;0,003;0,102
"examiner";0,789;0,328;0,024;0,002
"estimer";0,32;0,792;0,323;0,73
"désigner";0;0,049;0,029;0,796
"direct";0,17;0,328;0,218;0,102
"convention";0;0,015;0,034;0,304
"concentration";0,018;0,015;0,027;0,037
"chef";0,165;0,661;0,024;0
"apparaître";0,013;0,001;0,515;0,102
"évident";0,201;0;0,113;0,031
"équipement";0,016;0,395;0;0,031
"titre";0,993;0,062;0,379;0,004
"sécurité";0,016;0,792;0;0,031
"résolution";0,477;0,792;0,16;0,343
"règle";0;0,098;0,521;0,052
"prêt";0,477;0,769;0,42;0,796
"préoccupation";0,08;0,113;0,794;0,685
"prier";0,065;0,012;0,029;0
"ouvrir";0,32;0,395;0,835;0,73
"octobre";0,32;0,395;0,697;0,796
"monde";0,016;0,002;0,42;0,121
"long";0,08;0,196;0;0,401
"juillet";0,065;0,029;0,61;0,358
"immédiatement";0,201;0,395;0,697;0,008
"immédiat";0,019;0,006;0,33;0,144
"faciliter";0,201;0,769;0,001;0,121
"exécutif";0;0,159;0,029;0,343
"emprunt";0,024;0,018;0;0,044
"effectif";0,201;0,013;0,42;0,031
"définir";0,67;0,013;0,113;0,121
"danger";0,477;0;0,113;0,031
"commande";0,019;0,015;0;0,037
"charbonnage";0,244;0,015;0;0,828
"attirer";0,118;0,159;0,42;0,343
"appeler";0,018;0,062;0,794;0,828
"volonté";0,08;0,031;0,111;0,037
"veiller";0,077;0,062;0,111;0,144
"utiliser";0,864;0,078;0,002;0,171
"utile";0,563;0,196;0,134;0
"travailleur";0,993;0,015;0;0,037
"séparer";0,436;0,016;0,16;0,044
"supranational";0;0,196;0,034;0,037
"supplémentaire";0,551;0,062;0,111;0,828
"sembler";0,244;0,312;0,33;0,401
"rédaction";0,296;0,018;0,16;0
"rythme";0,024;0,078;0;0,044
"reconnaissant";0,019;0,062;0,379;0
"préciser";0,003;0,062;0,722;0,144
"procédure";0,003;0,196;0,794;0,144
"place";0,237;0,663;0,794;0,144
"permanent";0,099;0,224;0,073;0,171
"parler";0,08;0,312;0,134;0,023
"nature";0,237;0,663;0,794;0,144
"mentir";0,993;0,888;0,33;0,401
"mccloy";0,237;0,015;0,034;0
"matière";0,018;0,062;0,33;0,144
"luxembourgeois";0,73;0,023;0,192;0,001
"libre";0,244;0;0,034;0,144
"instruction";0,237;0,015;0,134;0,004
"instituer";0,046;0,018;0,249;0,469
"information";0,019;0,062;0,001;0,304
"guindey";0,019;0,015;0,034;0
"grave";0,237;0,062;0,379;0,099
"expérience";0,551;0,888;0,111;0,037
"exprimer";0,077;0,474;0,034;0,304
"examen";0,563;0,196;0,034;0
"etc";0,024;0,981;0;0,171
"espérer";0,019;0,312;0,134;0,004
"engagement";0,436;0,536;0,607;0,044
"déterminer";0,993;0,312;0,33;0,037
"dépendre";0,08;0,663;0,001;0,037
"décret";0,436;0,018;0,607;0,227
"division";0,019;0;0,379;0,037
"confirmer";0,237;0,196;0,379;0,304
"concurrence";0,244;0,062;0;0,037
"clause";0,009;0,018;0,901;0,936
"aider";0,019;0,312;0,005;0,144
"agricole";0,08;0,196;0;0,144
"égard";0,662;0,981;0,607;0,936
"échange";0,436;0,243;0,607;0,936
"tarif";0,335;0,198;0,04;0,089
"supranationale";0,046;0,07;0,041;0,044
"suggestion";0,864;0,224;0,445;0,469
"succès";0,36;0,414;0,521;0,463
"social";0,166;0,567;0,249;0,044
"révision";0,36;0,008;0,983;0,052
"réserve";0,436;0,124;0,003;0,637
"réel";0,296;0;0,445;0,044
"risque";0,099;0;0,041;0,044
"rechercher";0,296;0;0,16;0,044
"organiser";0,73;0,04;0,192;0,204
"obstacle";0,166;0,243;0,249;0,171
"mener";0,099;0;0,16;0,171
"marshall";0,099;0,243;0;0,469
"justice";0;0,023;0,192;0,547
"juin";0,36;0,023;0,521;0
"importation";0,024;0,018;0;0,044
"idée";0,099;0;0,16;0,469
"entrer";0,436;0,224;0,16;0,469
"déclarer";0,046;0,243;0,041;0,227
"dkv";0;0,124;0,059;0,243
"devenir";0,03;0,008;0,493;0,204
"destiner";0,436;0,243;0,607;0,936
"circonstance";0,166;0,224;0,16;0,171
"angleterre";0,037;0;0,059;0,062
"absence";0,864;0,243;0,249;0,936
"élément";0,122;0,001;0,983;0,052
"égalité";0,012;0,799;0,61;0,062
"transport";0,037;0,029;0;0,243
"transformation";0,122;0,675;0;0,052
"spécial";0;0,023;0,493;0,052
"soulever";0,73;0,842;0,049;0,161
"sauvegarde";0,36;0,098;0;0,204
"revenir";0,03;0,3;0;0,547
"responsable";0;0,124;0,059;0,243
"porter";0,73;0,414;0,192;0,948
"perspective";0,122;0;0,192;0,052
"outre_mer";0;0,029;0,61;0,062
"opposition";0,775;0;0,049;0,052
"nation";0,108;0,414;0,192;0,204
"midi";0,037;0,029;0,059;0
"luxembourg";0,902;0,302;0,059;0,358
"ligne";0,122;0,675;0,983;0,038
"intégrer";0,73;0,008;0,049;0,204
"interlocuteur";0,73;0,3;0,521;0,161
"industriel";0,33;0,098;0,178;0,547
"indochine";0,03;0,414;0,001;0,052
"honneur";0,122;0,098;0,493;0,006
"homme";0,03;0;0,521;0,052
"garantie";0,025;0,3;0,493;0,052
"formule";0,155;0,205;0,276;0,075
"fermer";0,03;0,414;0,044;0,547
"fait";0,122;0,414;0,983;0,463
"exportation";0,056;0,198;0;0,089
"existence";0,775;0,04;0,983;0,052
"démocratique";0,436;0;0,059;0,062
"doute";0,775;0,008;0,049;0,547
"crainte";0,122;0,414;0,007;0,052
"courant";0,122;0,3;0,521;0,001
"connaissance";0,73;0,023;0,192;0,001
"conclure";0;0,023;0,521;0,052
"complet";0,03;0,098;0,983;0
"changer";0,045;0;0,276;0,29
"attitude";0,122;0;0,049;0,547
"approuver";0,004;0,098;0,983;0,204
"administration";0,03;0,3;0,001;0,948
"étendre";0,235;0,799;0,857;0,243
"vote";0,002;0,124;0,23;0,637
"transition";0,528;0,156;0;0,075
"soutenir";0,436;0,094;0,857;0,243
"sidérurgique";0,035;0,037;0,073;0,075
"servir";0,436;0,799;0,003;0,062
"réserver";0,594;0,124;0,23;0,021
"réorganisation";0,46;0,551;0,07;0,692
"régime";0,002;0,904;0,085;0,089
"réflexion";0,902;0,302;0,059;0,358
"réduction";0,056;0,046;0;0,089
"risquer";0,151;0,094;0,857;0,637
"péréquation";0,528;0,455;0,001;0,075
"produit";0,902;0,029;0;0,062
"maintien";0,594;0,697;0,384;0,062
"main_d_oeuvre";0,037;0,029;0;0,062
"lundi";0,151;0,029;0,059;0
"juger";0,151;0,302;0,059;0,021
"joint";0,235;0,029;0,61;0,106
"interministériel";0,436;0,029;0,059;0
"insister";0,065;0,37;0,857;0,243
"imposer";0,235;0,697;0,857;0,062
"heure";0,045;0,156;0,283;0,01
"façon";0,151;0,37;0,384;0,106
"exister";0,188;0,009;0,713;0,29
"entretenir";0,037;0,124;0,059;0
"dévoué";0,037;0,029;0,059;0
"désirer";0,151;0,799;0,61;0,021
"départ";0,045;0,455;0,713;0,001
"débat";0,002;0,37;0,61;0,062
"directement";0,065;0,37;0,61;0,637
"difficile";0,594;0,799;0,119;0,062
"courir";0,151;0,02;0,61;0,637
"contraire";0,436;0,094;0,857;0,243
"continent";0,151;0;0,059;0,062
"conformément";0,002;0,37;0,059;0,637
"collaborateur";0,037;0,029;0,059;0
"charge";0,045;0,455;0;0,075
"bureau";0,002;0,046;0,085;0,559
"budget";0,045;0,037;0;0,741
"benelux";0,902;0,094;0,857;0,062
"avril";0;0,029;0,059;0,823
"arrêter";0,151;0,799;0,61;0,021
"ami";0,045;0,037;0,276;0
"amener";0,902;0,003;0,23;0,062
"agréer";0,151;0,029;0,059;0
"1er";0,005;0,037;0,276;0,692
"élargir";0,528;0,052;0,713;0,29
"véritable";0,188;0,009;0,713;0,29
"tiers";0,528;0,037;0;0,075
"suppression";0,805;0,559;0,04;0,089
"récent";0,805;0,904;0,333;0,559
"rencontrer";0,045;0,205;0,713;0,262
"reconstruction";0,045;0,037;0;0,075
"ration";0,056;0,046;0,085;0
"précis";0,035;0,94;0,713;0,075
"profession";0,234;0,046;0,333;0
"nom";0,805;0,126;0,085;0,86
"mayer";0,133;0,32;0,123;0,301
"marquer";0,46;0,052;0,276;0,075
"large";0,045;0,009;0,283;0,075
"impossible";0,528;0,94;0,276;0,065
"hirsch";0,07;0,059;0,102;0
"finalement";0,528;0,94;0,283;0,741
"entendre";0,46;0,551;0,07;0,692
"détermination";0,293;0,001;0,401;0,107
"définitif";0,035;0,551;0,276;0,075
"décembre";0,188;0,037;0,276;0
"douane";0,638;0,046;0;0,089
"convaincre";0,155;0,551;0,713;0,075
"contrepartie";0,056;0,904;0;0,089
"constant";0,528;0,205;0,724;0,29
"confidentiel";0,234;0,046;0,085;0
"compétence";0,155;0,94;0,07;0,692
"communiqué";0,045;0,156;0,07;0
"bonn";0,46;0,156;0,07;0,01
"belgique";0,528;0,94;0,012;0,075
"bas";0,088;0,836;0;0,129
"augmenter";0,234;0,198;0,194;0,178
"arriver";0,957;0,001;0,07;0,075
"appartenir";0,188;0,94;0,07;0,001
"anglais";0,188;0,052;0,07;0,262
"allocation";0,056;0,198;0,333;0
"étroit";0,335;0,904;0,333;0,86
"équilibre";0,234;0,904;0,005;0,089
"élection";0,223;0,736;0,102;0,994
"utilisation";0,056;0,046;0;0,348
"télégramme";0,056;0,046;0,085;0
"total";0,07;0,059;0;0,418
"supérieur";0,335;0,046;0,04;0,348
"soudure";0,07;0,251;0,966;0,001
"session";0;0,075;0,123;0,504
"secrétaire";0,805;0,198;0,085;0,004
"salaire";0,293;0,059;0;0,107
"réalité";0,293;0;0,102;0,107
"ratification";0;0,059;0,102;0,107
"puissance";0,006;0,736;0,102;0,107
"prélèvement";0,234;0,046;0;0,089
"productivité";0,056;0,046;0;0,089
"priorité";0,056;0,41;0,005;0,089
"principal";0,056;0,003;0,831;0,348
"portée";0,805;0,559;0,085;0,035
"parlementaire";0,016;0,559;0,333;0,348
"pacifique";0,234;0;0,085;0,089
"naturellement";0,056;0,126;0,085;0,035
"manquer";0,335;0,198;0,333;0,178
"limité";0,335;0,198;0,04;0,089
"limiter";0,092;0,198;0,194;0,089
"jouer";0,805;0,126;0,333;0,348
"italie";0,092;0,41;0,333;0,089
"financer";0,056;0,046;0;0,089
"expression";0,638;0,559;0,831;0,178
"expansion";0,056;0,904;0;0,089
"essentiellement";0,805;0,003;0,085;0,089
"entraîner";0,234;0,41;0,04;0,089
"eden";0,234;0,198;0,085;0
"désir";0,638;0,41;0,085;0,178
"dominer";0,07;0;0,102;0,107
"direction";0,293;0,001;0,102;0,418
"couvrir";0,638;0,198;0,04;0,86
"consulter";0,638;0,046;0,333;0
"consultation";0,335;0,046;0,005;0,089
"consacrer";0,234;0,026;0,831;0,348
"concret";0,056;0;0,333;0,089
"concours";0,234;0,046;0,194;0,035
"composer";0;0,046;0,085;0,348
"comporter";0,056;0,198;0;0,348
"communication";0,234;0,046;0,085;0
"commercial";0;0,046;0,085;0,86
"commerce";0,016;0,198;0,333;0,86
"commencer";0,234;0;0,085;0,348
"coke";0,335;0,046;0,194;0,86
"chose";0,07;0,069;0,451;0,418
"britannique";0,805;0,026;0,085;0,348
"bref";0,234;0,126;0,194;0,089
"balancer";0,056;0,559;0;0,089
"autonome";0,234;0,559;0;0,089
"attacher";0,234;0,003;0,333;0,348
"assumer";0,638;0,41;0,831;0,86
"appui";0,638;0,904;0,831;0,559
"achèvement";0,092;0,046;0,831;0,559
"accroître";0,638;0,046;0;0,089
"accroissement";0,056;0,046;0;0,089
"évolution";0,645;0,281;0,102;0,994
"étape";0,293;0,069;0,451;0,107
"épargner";0,07;0,059;0;0,107
"élimination";0,07;0,281;0,019;0,107
"vigueur";0;0,059;0,102;0,418
"utilisateur";0,645;0,059;0,002;0,107
"universel";0,768;0,069;0,966;0,107
"uni";0,768;0,01;0,102;0,418
"sûr";0,293;0,059;0,451;0,016
"saisir";0,293;0,059;0,451;0,016
"réadaptation";0,088;0,075;0;0,129
"russe";0,07;0;0,102;0,107
"robert";0,07;0,059;0,102;0
"rené";0,007;0,16;0,223;0,901
"rapporter";0,07;0,059;0,102;0
"produire";0,07;0,736;0,019;0,418
"procédé";0,07;0,685;0;0,107
"positif";0,07;0;0,102;0,107
"nommer";0;0,059;0,102;0,107
"nombreux";0,293;0,251;0,019;0,994
"mondial";0,111;0,011;0,717;0,155
"mandat";0,006;0,251;0,102;0,994
"liberté";0,293;0;0,102;0,107
"intérieur";0,768;0,251;0,002;0,107
"intervention";0,768;0,059;0,019;0,994
"incident";0,07;0,059;0,102;0
"heureux";0,07;0,251;0,102;0
"faveur";0,293;0,069;0,966;0,418
"entreprendre";0,07;0,069;0,451;0,418
"efficace";0,293;0;0,102;0,107
"douanier";0,223;0,251;0,121;0,107
"contenir";0,645;0,281;0,401;0,418
"constamment";0,07;0;0,401;0,107
"conduire";0,088;0,031;0,322;0,129
"compromis";0,006;0,736;0,102;0,107
"compromettre";0,293;0,281;0,451;0,418
"commissaire";0,088;0,075;0,007;0,301
"clairement";0,293;0;0,102;0,107
"chiffre";0,07;0,069;0,451;0,418
"changement";0,768;0,001;0,102;0,107
"chambre";0,133;0,32;0,123;0,301
"blé";0,111;0,987;0,59;0,027
"avance";0,768;0,685;0,451;0,994
"augmentation";0,088;0,075;0;0,129
"assister";0,07;0,059;0,102;0
"août";0,048;0,059;0,102;0,11
"adresse";0,293;0,685;0,102;0,001
"adopter";0,645;0,736;0,401;0,994
"accomplir";0,07;0;0,401;0,107
"accompagner";0,07;0,685;0,451;0,11
"événement";0,367;0,003;0,486;0,129
"élaborer";0,133;0,562;0,123;0,504
"viser";0,133;0,32;0,322;0,129
"vertu";0;0,096;0,149;0,155
"urgent";0,088;0,172;0,883;0,855
"ultérieur";0,021;0,836;0,486;0,129
"tirer";0,367;0,562;0,066;0,129
"tentation";0,088;0,031;0,322;0,129
"syndical";0,066;0,41;0,149;0,691
"surmonter";0,088;0,003;0,486;0,504
"suffisant";0,367;0,172;0,322;0,129
"soviétique";0,367;0;0,123;0,129
"souligner";0,92;0,172;0,486;0,504
"sortir";0,92;0,003;0,123;0,129
"siège";0,002;0,836;0,123;0,129
"simple";0,483;0,562;0,486;0,504
"septembre";0,483;0,32;0,123;0,06
"satisfaisant";0,92;0,031;0,123;0,504
"sage";0,111;0,096;0,03;0,191
"république";0,002;0,836;0,123;0,129
"renforcer";0,92;0,031;0,486;0,129
"remercier";0,088;0,075;0,486;0
"reconstitution";0,088;0;0,123;0,129
"prononcer";0,483;0,562;0,123;0,855
"procéder";0,002;0,075;0,123;0,855
"privé";0,904;0,096;0,03;0,609
"pleinement";0,367;0,562;0,486;0,301
"orienter";0,92;0,562;0,322;0,129
"opposer";0,367;0,172;0,322;0,129
"offrir";0,111;0,41;0,03;0,691
"obligation";0,002;0,32;0,123;0,504
"mécanique";0,088;0,32;0;0,129
"montant";0,088;0,075;0;0,129
"minerai";0;0,075;0,486;0,129
"mardi";0,088;0,32;0,123;0
"livraison";0,367;0,836;0,007;0,129
"limitation";0,92;0,172;0,883;0,129
"lier";0,483;0,172;0,486;0,129
"indépendamment";0,367;0;0,123;0,129
"hollandais";0,328;0,41;0,59;0,691
"harriman";0,133;0,075;0,883;0,855
"favorable";0,367;0,836;0,066;0,504
"existant";0,92;0,836;0,066;0,129
"espoir";0,088;0;0,123;0,129
"entièrement";0,133;0,075;0,066;0,129
"effectuer";0,133;0,32;0,883;0,504
"détail";0,367;0,075;0,883;0,006
"département";0,483;0,075;0,123;0,006
"décisif";0,483;0,562;0,883;0,129
"dynamique";0,088;0;0,123;0,129
"donnée";0,111;0,391;0,59;0,191
"dollar";0,088;0,075;0;0,855
"demeurer";0,92;0,172;0,123;0,855
"côté";0,088;0,172;0,066;0,129
"coup";0,088;0,836;0,066;0,855
"cordialement";0,088;0,075;0,123;0
"coordination";0,461;0,987;0,206;0,609
"constater";0,088;0,172;0,322;0,504
"consentir";0,92;0,172;0,883;0,129
"conforme";0;0,075;0,486;0,129
"commissariat";0,088;0,075;0;0,504
"clef";0,111;0,096;0;0,155
"choix";0,021;0,562;0,123;0,129
"cesser";0,367;0,32;0,322;0,301
"capital";0,088;0,075;0;0,504
"capacité";0,367;0,075;0;0,504
"bonnet";0,088;0,075;0,123;0
"attribuer";0,133;0,32;0,486;0,855
"armement";0,088;0;0,486;0,129
"approbation";0,483;0,075;0,322;0,855
"annuel";0,088;0,031;0,322;0,129
"étudier";0,111;0,987;0,03;0,609
"élire";0;0,096;0,149;0,155
"électricité";0,111;0,096;0;0,155
"échec";0,026;0,784;0,182;0,188
"écarter";0,328;0,41;0,149;0,191
"york";0,461;0,391;0,149;0,191
"wehrer";0,111;0,096;0,149;0
"vivement";0,904;0,391;0,149;0,691
"trésorerie";0,14;0,123;0,719;0
"trésor";0,582;0,123;0;0,188
"transmettre";0,461;0,41;0,149;0,002
"tcc";0,111;0,987;0,717;0,191
"sérieux";0,328;0,987;0,59;0,609
"série";0,328;0,987;0,59;0,609
"suffire";0,111;0,096;0,002;0,691
"substituer";0,461;0,391;0,206;0,155
"stade";0,904;0,987;0,206;0,155
"sorte";0,461;0,41;0,03;0,609
"réviser";0,328;0,41;0,149;0,191
"réforme";0,026;0,784;0,182;0,188
"réduire";0,328;0,096;0,206;0,609
"retrouver";0,111;0,011;0,717;0,155
"reprise";0,461;0,987;0,59;0,191
"reprendre";0,461;0,096;0,149;0
"recueillir";0,461;0,41;0,002;0,155
"pénurie";0,111;0,096;0;0,155
"purement";0,707;0,527;0,539;0,739
"présidence";0,461;0,096;0,149;0
"protection";0,111;0,096;0;0,155
"proposé";0,904;0,096;0,03;0,609
"professionnel";0,066;0,096;0,717;0,609
"presse";0,461;0,987;0,717;0,691
"pratiquement";0,111;0,096;0;0,609
"oece";0,026;0,527;0,182;0,739
"new";0,461;0,391;0,149;0,191
"monopole";0,066;0,41;0,717;0,155
"minute";0,111;0,987;0,149;0,002
"milieu";0,328;0,41;0,59;0,691
"mentionner";0,904;0,41;0,149;0,027
"lien";0,461;0,011;0,149;0,609
"inspirer";0,461;0,987;0,59;0,191
"indépendance";0,328;0,096;0,03;0,155
"incompatible";0,328;0,987;0,717;0,155
"ii";0,328;0,096;0,149;0,027
"garantir";0,066;0,096;0,206;0,155
"février";0,461;0,096;0,59;0,002
"formuler";0,904;0,41;0,59;0,191
"fonctionnaire";0,111;0,096;0,149;0
"extérieur";0,111;0,096;0;0,155
"extension";0,707;0,123;0,01;0,188
"exploitation";0,111;0,096;0;0,155
"emploi";0,14;0,123;0;0,188
"déficit";0,178;0,16;0;0,23
"débouché";0,111;0,41;0;0,155
"diriger";0,904;0,09;0,149;0,609
"directeur";0,904;0,096;0,59;0,027
"différence";0,111;0,41;0;0,155
"destinée";0,328;0,987;0,59;0,609
"correspondant";0,904;0,41;0,03;0,155
"contractuel";0,193;0,123;0,182;0,103
"contingent";0,111;0,096;0;0,155
"consister";0,066;0,391;0,149;0,155
"considération";0,461;0,096;0,59;0,002
"confiance";0,461;0,09;0,149;0,691
"compléter";0,904;0,391;0,59;0,609
"complètement";0,461;0,011;0,149;0,609
"communiquer";0,111;0,096;0,149;0
"commandement";0,111;0;0,149;0,155
"collectif";0,007;0,987;0,149;0,155
"choisir";0;0,096;0,149;0,155
"but";0,904;0,09;0,149;0,609
"avantage";0,111;0,09;0,206;0,155
"auprès_de";0,461;0,41;0,149;0,002
"associer";0;0,41;0,149;0,155
"arrangement";0,461;0,09;0,59;0,609
"aron";0,461;0,987;0,717;0,691
"appliquer";0,066;0,096;0,717;0,609
"admettre";0,328;0,41;0,149;0,191
"acquérir";0,461;0,096;0,03;0,691
"acheson";0,461;0,987;0,149;0,027
"acceptation";0,066;0,41;0,59;0,609
"évidemment";0,582;0,037;0,719;0,188
"éventuellement";0,582;0,527;0,719;0,103
"user";0,582;0,784;0,539;0,739
"unification";0,14;0,003;0,719;0,188
"ultérieurement";0,026;0,123;0,719;0,739
"tendre";0,582;0,237;0,539;0,188
"susceptible";0,14;0,037;0,539;0,188
"surplus";0,582;0,237;0,719;0,739
"subsister";0,193;0,123;0,539;0,739
"subordonné";0,002;0,123;0,182;0,739
"stabilité";0,14;0,237;0,112;0,188
"société";0,707;0,237;0,182;0,739
"secteur";0,582;0,527;0,01;0,188
"secrétariat";0,193;0,123;0,182;0,103
"scs";0,707;0,784;0,539;0,188
"réellement";0,14;0,237;0,719;0,516
"retard";0,707;0,123;0,01;0,188
"restrictif";0,707;0,123;0,01;0,188
"représentation";0,193;0,784;0,719;0,188
"renoncer";0,707;0,037;0,182;0,188
"relever";0,707;0,527;0,112;0,188
"reconstituer";0,707;0,037;0,182;0,188
"quantité";0,582;0,123;0,01;0,739
"publier";0,582;0,527;0,182;0,009
"prévenir";0,739;0,68;0,88;0,342
"précéder";0,582;0,527;0,539;0,516
"progressivement";0,026;0,123;0,539;0,188
"porte";0,582;0,123;0,112;0,516
"population";0,707;0,123;0,01;0,188
"phase";0,582;0,784;0,112;0,188
"persuader";0,582;0,237;0,719;0,739
"perdre";0,14;0,003;0,719;0,188
"partager";0,707;0,784;0,182;0,516
"parer";0,193;0,784;0,719;0,188
"p";0,178;0,68;0,223;0,002
"opposé";0,582;0,037;0,719;0,188
"officiellement";0,178;0,68;0,223;0,002
"naître";0,582;0,037;0,182;0,739
"meilleur";0,14;0,123;0,01;0,516
"maximum";0,14;0,123;0,01;0,516
"majorité";0,026;0,784;0,182;0,188
"majeur";0,582;0,037;0,719;0,188
"main";0,14;0,527;0,112;0,516
"lucien";0,14;0,123;0,182;0
"lisbonne";0,026;0,123;0,719;0,739
"liquidation";0,193;0,123;0,112;0,188
"largement";0,14;0,527;0;0,188
"konzerns";0,944;0,209;0,013;0,283
"juge";0,026;0,527;0,719;0,188
"intermédiaire";0,193;0,123;0,719;0,516
"interdire";0,739;0,68;0,047;0,23
"intention";0,707;0,123;0,539;0,516
"instrument";0,14;0,037;0,539;0,188
"inquiétude";0,14;0,037;0,719;0,739
"importateur";0,14;0,123;0;0,739
"iii";0,582;0,527;0,719;0,103
"i";0,193;0,784;0,182;0,739
"hubert";0,14;0,123;0,182;0
"fusion";0,582;0,784;0,112;0,188
"fonctionner";0,582;0,037;0,182;0,739
"favoriser";0,707;0,527;0,112;0,188
"exclure";0,193;0,527;0,539;0,188
"excessif";0,026;0,123;0,539;0,188
"exceptionnel";0,582;0,527;0,01;0,188
"erhard";0,026;0,123;0,182;0,516
"entier";0,707;0,123;0,719;0,103
"efficacité";0,582;0,003;0,182;0,188
"désignation";0;0,123;0,182;0,188
"dépasser";0,582;0,123;0;0,188
"définitivement";0,193;0,237;0,182;0,188
"domination";0,582;0,003;0,182;0,188
"divergence";0,707;0,784;0,719;0,739
"dirigeant";0,14;0,784;0,01;0,188
"diminuer";0,582;0,527;0,01;0,188
"dangereux";0,14;0;0,182;0,188
"correspondre";0,14;0,237;0,112;0,188
"coopérer";0,582;0,003;0,182;0,188
"convoquer";0,707;0,123;0,182;0,009
"consommateur";0,026;0,527;0,182;0,739
"considérer";0,582;0,784;0,182;0,103
"congrès";0,178;0,68;0,88;0,043
"concurrent";0,582;0,123;0;0,188
"compter";0,14;0,784;0,182;0,009
"commencement";0,582;0,037;0,719;0,188
"commander";0,14;0,123;0;0,739
"chance";0,707;0,237;0,719;0,188
"bruxelles";0,14;0,784;0,719;0,103
"bruce";0,14;0,527;0,182;0
"bilan";0,707;0,527;0,539;0,739
"baisser";0,178;0,16;0;0,23
"aussitôt";0,582;0,123;0,719;0,009
"assigner";0,14;0,784;0,112;0,739
"aspect";0,14;0,237;0,719;0,516
"apprécier";0,707;0,123;0,719;0,103
"ancien";0,944;0,209;0,013;0,283
"alinéa";0,026;0,123;0,182;0,516
"ajustement";0,582;0,784;0,112;0,188
"agression";0,178;0;0,223;0,23
"affectation";0,14;0,123;0;0,188
"abandonner";0,14;0,003;0,719;0,188
"éventuel";0,496;0,561;0,88;0,23
"élevé";0,178;0,16;0;0,23
"égal";0,178;0,68;0,002;0,23
"vrai";0,178;0,115;0,223;0,342
"voter";0,09;0,68;0,88;0,23
"veto";0,007;0,16;0,223;0,901
"veille";0,007;0,16;0,88;0,23
"valeur";0,739;0,16;0,002;0,23
"valable";0,09;0,68;0,223;0,901
"unifier";0,739;0,01;0,223;0,23
"transférer";0,007;0,16;0,88;0,23
"traditionnel";0,739;0,561;0,359;0,23
"totalité";0,229;0,884;0,013;0,283
"territorial";0;0,16;0,223;0,23
"tenue";0,739;0,561;0,223;0,342
"temporaire";0,178;0,561;0,359;0,901
"tarder";0;0,16;0,223;0,23
"séance";0,178;0,16;0,88;0,002
"strictement";0,178;0,68;0,223;0,002
"soutien";0,739;0,16;0,047;0,901
"sncf";0,178;0,16;0;0,23
"simultanément";0,178;0,68;0,002;0,23
"signer";0,739;0,16;0,223;0,002
"signataire";0;0,16;0,223;0,23
"shape";0,496;0,115;0,223;0,23
"second";0,09;0,16;0,359;0,23
"saxon";0,178;0,16;0,223;0
"réussir";0,739;0,561;0,223;0,342
"répéter";0,178;0,16;0,88;0,002
"réaction";0,739;0,16;0,88;0,043
"remplacer";0,09;0,68;0,88;0,23
"remise";0,496;0,68;0,88;0,901
"refuser";0,178;0,561;0,359;0,901
"recours";0,001;0,209;0,276;0,283
"recherche";0,739;0,561;0,359;0,23
"qualité";0,739;0,16;0,88;0,043
"prêter";0,178;0,68;0,047;0,901
"précision";0,739;0,561;0,223;0,342
"provisoire";0,007;0,16;0,223;0,901
"protéger";0,178;0,16;0;0,23
"protocole";0;0,16;0,223;0,23
"profond";0,178;0;0,223;0,23
"professeur";0,178;0,16;0,223;0
"procurer";0,178;0,16;0;0,23
"plein";0,739;0,68;0,047;0,23
"perte";0,739;0,561;0,88;0,901
"personnalité";0,007;0,68;0,223;0,23
"parole";0,229;0,335;0,276;0,183
"pareil";0,739;0,68;0,88;0,342
"paiement";0,178;0,16;0;0,23
"origine";0,739;0,01;0,223;0,23
"occupation";0,496;0,561;0,223;0,901
"néerlandais";0,09;0,16;0,88;0,901
"norme";0,229;0,884;0,013;0,283
"nord";0,09;0,561;0,223;0,23
"nomination";0,09;0,16;0,223;0,342
"mutuel";0,178;0,01;0,88;0,23
"moderne";0,178;0,16;0;0,23
"ministère";0,229;0,209;0;0,283
"mine";0,944;0,884;0,195;0,283
"mercredi";0,739;0,16;0,223;0,002
"mars";0;0,16;0,223;0,23
"marcher";0,739;0,16;0,047;0,901
"lumière";0,178;0,561;0,359;0,901
"louvel";0,79;0,276;0,664;0,647
"local";0,178;0,16;0,002;0,901
"livrer";0,739;0,561;0,359;0,23
"joindre";0,09;0,561;0,223;0,23
"jeudi";0,178;0,16;0,223;0
"intérimaire";0,739;0,16;0,88;0,043
"intéressé";0,178;0,16;0,047;0,342
"inscrire";0,739;0,16;0,047;0,901
"impression";0,178;0,561;0,88;0,342
"historique";0,178;0;0,223;0,23
"garder";0,178;0,561;0,359;0,901
"fédération";0,178;0,01;0,88;0,23
"futur";0,496;0,561;0,88;0,23
"froid";0,229;0,038;0,917;0,283
"franco_allemand";0;0,16;0,223;0,23
"frais";0,178;0,68;0,002;0,23
"fonder";0,178;0,01;0,88;0,23
"faculté";0,496;0,16;0,359;0,901
"fabrication";0,739;0,16;0,359;0,342
"extrêmement";0,496;0,115;0,223;0,23
"exercice";0,007;0,16;0,88;0,23
"exemplaire";0,229;0,209;0,276;0
"exclusivement";0,007;0,16;0,88;0,23
"exception";0,496;0,16;0,047;0,23
"détriment";0,739;0,561;0,359;0,23
"délicat";0,496;0,561;0,223;0,901
"dégager";0,739;0,115;0,88;0,23
"définition";0,944;0,335;0,276;0,898
"défendre";0,496;0,115;0,223;0,23
"défaut";0,739;0,68;0,047;0,23
"durée";0,739;0,68;0,359;0,901
"durable";0,739;0,115;0,223;0,901
"douter";0,178;0,115;0,223;0,342
"double";0,178;0,68;0,359;0,342
"disponible";0,178;0,16;0,002;0,901
"discriminatoires";0,178;0,16;0;0,23
"degré";0,178;0,01;0,88;0,23
"critique";0,739;0,115;0,223;0,901
"considérable";0,739;0,115;0,88;0,23
"conseiller";0,178;0,16;0,88;0,002
"conception";0,496;0,68;0,88;0,901
"compétent";0,178;0,16;0,88;0,002
"composition";0;0,16;0,223;0,23
"complémentaire";0,739;0,68;0,88;0,342
"clappier";0,178;0,16;0,223;0
"clair";0,09;0,68;0,88;0,23
"bénéficier";0,178;0,68;0,002;0,23
"autoriser";0,739;0,16;0,359;0,342
"au_delà";0,739;0,561;0,359;0,23
"attribution";0,09;0,16;0,359;0,23
"attlee";0,178;0,68;0,223;0,002
"argent";0,297;0,276;0,001;0,353
"appuyer";0,739;0,01;0,223;0,23
"approfondi";0,178;0,561;0,223;0,043
"apparait";0,496;0,561;0,223;0,901
"apercevoir";0,496;0,561;0,223;0,901
"améliorer";0,739;0,68;0,047;0,23
"ambassadeur";0,178;0,16;0,223;0
"ambassade";0,178;0,16;0,223;0
"agriculture";0,178;0,16;0,002;0,901
"administratif";0,739;0,68;0,047;0,23
"ad_hoc";0,739;0,561;0,223;0,342
"accorder";0,178;0,16;0,359;0,043
"abaisser";0,178;0,16;0;0,23
"élu";0,028;0,209;0,276;0,898
"éclaircissement";0,229;0,209;0,276;0
"échéant";0,288;0,209;0,917;0,898
"échelle";0,944;0,209;0,013;0,283
"vraisemblablement";0,028;0,884;0,276;0,283
"vital";0,944;0,335;0,917;0,283
"vert";0,028;0,209;0,276;0,898
"vendredi";0,229;0,209;0,276;0
"vaste";0,288;0,884;0,917;0,283
"urgence";0,944;0,209;0,013;0,283
"unanime";0,001;0,209;0,276;0,283
"téléphone";0,229;0,884;0,276;0,011
"trait";0,028;0,884;0,276;0,283
"toucher";0,028;0,884;0,276;0,283
"tendance";0,229;0,335;0,195;0,283
"tableau";0,944;0,335;0,917;0,283
"syndicat";0,288;0,209;0,276;0,183
"surgir";0,001;0,209;0,276;0,283
"supporter";0,229;0,884;0,195;0,898
"suffisamment";0,944;0,209;0,917;0,183
"subvention";0,229;0,209;0;0,283
"structure";0,115;0,846;0,346;0,353
"stable";0,229;0,209;0;0,283
"spécialement";0,229;0,209;0;0,283
"spierenburg";0,944;0,209;0,276;0,011
"spaak";0,288;0,209;0,276;0,183
"souvenir";0,229;0,884;0,276;0,011
"souhaitable";0,944;0,884;0,917;0,898
"sommaire";0,229;0,209;0,276;0
"solidarité";0,229;0,001;0,276;0,283
"soin";0,944;0,884;0,917;0,898
"sir";0,229;0,884;0,276;0,011
"signaler";0,288;0,209;0,276;0,183
"sidérurgies";0,229;0,209;0;0,283
"section";0,001;0,209;0,276;0,283
"satisfaction";0,944;0,884;0,195;0,283
"samedi";0,229;0,209;0,276;0
"sain";0,229;0,209;0;0,283
"résultera";0,944;0,335;0,917;0,283
"résoudre";0,229;0,038;0,917;0,283
"région";0,288;0,884;0,917;0,283
"rédiger";0,229;0,209;0,276;0
"réciproque";0,944;0,038;0,276;0,283
"réaffirmation";0,229;0,001;0,276;0,283
"royaume";0,944;0,335;0,276;0,898
"retourner";0,229;0,884;0,917;0,183
"retour";0,229;0,884;0,917;0,183
"retarder";0,288;0,884;0,917;0,283
"ressort";0,229;0,335;0,917;0,898
"respecter";0,001;0,209;0,276;0,283
"renforcement";0,288;0,884;0,917;0,283
"refléter";0,229;0,209;0,276;0
"recette";0,944;0,209;0,013;0,283
"ramener";0,229;0,038;0,276;0,898
"quart";0,229;0,209;0;0,283
"publiquement";0,944;0,335;0,917;0,283
"psychologique";0,944;0,038;0,276;0,283
"présentement";0,288;0,884;0,917;0,283
"présentation";0,229;0,884;0,195;0,898
"préjuger";0,028;0,884;0,276;0,283
"préférer";0,229;0,884;0,276;0,011
"prouver";0,297;0,846;0,664;0,647
"prospérité";0,229;0,001;0,276;0,283
"propos";0,229;0,209;0,917;0,011
"progressif";0,229;0,038;0,917;0,283
"productif";0,229;0,209;0;0,283
"prochainement";0,229;0,884;0,276;0,011
"preuve";0,944;0,884;0,195;0,283
"pousser";0,944;0,209;0,013;0,283
"placement";0,229;0,209;0;0,283
"peser";0,229;0,038;0,917;0,283
"personnellement";0,288;0,209;0,276;0,183
"pelou";0,944;0,209;0,276;0,011
"pain";0,229;0,209;0,276;0
"ouverture";0,288;0,884;0,917;0,283
"outillage";0,229;0,209;0;0,283
"oublier";0,944;0,335;0,917;0,283
"orage";0,297;0,006;0,346;0,353
"opportunité";0,944;0,884;0,917;0,898
"opportun";0,288;0,884;0,917;0,283
"occuper";0,944;0,038;0,276;0,283
"observer";0,229;0,884;0,276;0,011
"obliger";0,229;0,884;0,276;0,011
"négocier";0,229;0,209;0,917;0,011
"négatif";0,229;0,001;0,276;0,283
"nouvel";0,79;0,276;0,664;0,647
"nord_africains";0,001;0,209;0,276;0,283
"nettement";0,229;0,335;0,917;0,898
"naturel";0,288;0,209;0,195;0,283
"métropolitain";0,288;0,884;0,917;0,283
"mécanisme";0,229;0,209;0;0,283
"mr";0,297;0,276;0,346;0,001
"mollet";0,229;0,209;0,276;0
"modalité";0,944;0,209;0,917;0,183
"ministériel";0,288;0,209;0,276;0,183
"maurice";0,229;0,209;0,276;0
"manifester";0,944;0,335;0,917;0,283
"malentendu";0,288;0,884;0,276;0,898
"légitime";0,229;0,209;0;0,283
"librement";0,229;0,038;0,917;0,283
"lever";0,028;0,209;0,917;0,283
"leader";0,229;0,001;0,276;0,283
"jeu";0,229;0,209;0,013;0,898
"iv";0,288;0,209;0,917;0,898
"issue";0,229;0,335;0,276;0,183
"infrastructure";0,229;0,884;0,013;0,283
"indirectement";0,028;0,884;0,276;0,283
"incorporation";0,944;0,038;0,276;0,283
"inclusion";0,001;0,209;0,276;0,283
"ignorer";0,229;0,884;0,276;0,011
"hoffman";0,297;0,276;0,664;0,065
"henri";0,229;0,209;0,276;0
"h";0,229;0,209;0,276;0
"guy";0,229;0,209;0,276;0
"guider";0,944;0,209;0,276;0,011
"gramme";0,229;0,209;0,276;0
"graduellement";0,229;0,335;0,195;0,283
"genève";0,001;0,209;0,276;0,283
"franc";0,297;0,276;0,001;0,353
"figurer";0,288;0,209;0,917;0,898
"fidèlement";0,229;0,209;0,276;0
"ferraille";0,288;0,884;0,917;0,283
"faux";0,229;0,209;0,276;0
"extraordinaire";0,229;0,209;0;0,283
"excédent";0,229;0,209;0;0,283
"erreur";0,944;0,884;0,195;0,283
"efforcer";0,944;0,209;0,195;0,898
"détourner";0,944;0,038;0,276;0,283
"déterminé";0,944;0,209;0,013;0,283
"délibération";0,944;0,209;0,917;0,183
"dumping";0,229;0,209;0;0,283
"dresser";0,229;0,335;0,195;0,283
"dossier";0,79;0,276;0,346;0,065
"dissimuler";0,229;0,335;0,195;0,283
"différer";0,288;0,335;0,276;0,283
"diffusion";0,229;0,209;0,917;0,011
"devise";0,297;0,276;0,001;0,353
"deuxième";0,229;0,209;0;0,283
"coûteux";0,229;0,209;0;0,283
"corée";0,229;0,038;0,917;0,283
"corriger";0,229;0,209;0,276;0
"conviction";0,229;0,038;0,276;0,898
"contractant";0,004;0,276;0,346;0,353
"continuité";0,229;0,209;0;0,283
"continuation";0,229;0,335;0,195;0,283
"contenu";0,944;0,884;0,276;0,183
"contact";0,288;0,209;0,917;0,898
"conséquent";0,944;0,884;0,917;0,898
"construction";0,229;0,038;0,917;0,283
"conserver";0,028;0,209;0,917;0,283
"conscience";0,944;0,038;0,276;0,283
"connaitre";0,944;0,884;0,276;0,183
"conflit";0,288;0,335;0,276;0,283
"conduite";0,944;0,335;0,276;0,898
"concevoir";0,229;0,038;0,917;0,283
"comparable";0,79;0,276;0,07;0,353
"collègue";0,944;0,335;0,917;0,283
"collaboration";0,229;0,335;0,917;0,898
"cohésion";0,229;0,335;0,276;0,183
"ciment";0,229;0,209;0;0,283
"chercher";0,944;0,335;0,917;0,283
"capitale";0,944;0,335;0,917;0,283
"campagne";0,229;0,884;0,917;0,183
"busset";0,229;0,209;0,276;0
"bourbon";0,229;0,209;0,276;0
"bateau";0,297;0,846;0,664;0,647
"banque";0,944;0,209;0,013;0,283
"autrement";0,944;0,884;0,195;0,283
"atmosphère";0,944;0,335;0,276;0,898
"articulé";0,944;0,335;0,276;0,898
"articulation";0,229;0,038;0,917;0,283
"arrêt";0,229;0,335;0,195;0,283
"arrivée";0,229;0,884;0,195;0,898
"annonce";0,288;0,209;0,276;0,183
"afrique";0,028;0,884;0,276;0,283
"adoption";0,944;0,209;0,195;0,898
"adhésion";0,115;0,846;0,346;0,353
"adaptation";0,944;0,884;0,195;0,283
"accusation";0,229;0,209;0,276;0
"accru";0,229;0,335;0,195;0,283
"abaissement";0,229;0,209;0;0,283
"évidence";0,297;0,14;0,664;0,353
"état_major";0,297;0,006;0,346;0,353
"ériger";0,79;0,276;0,07;0,353
"énoncé";0,79;0,846;0,346;0,647
"énergie";0,297;0,276;0,001;0,353
"émettre";0,79;0,276;0,664;0,647
"économiquement";0,115;0,276;0,664;0,353
"écart";0,79;0,276;0,07;0,353
"voix";0,297;0,14;0,346;0,647
"voisin";0,297;0,006;0,346;0,353
"vivre";0,297;0,14;0,664;0,353
"vivant";0,297;0,006;0,346;0,353
"visite";0,79;0,846;0,346;0,647
"variété";0,297;0,276;0,001;0,353
"variation";0,115;0,276;0,664;0,353
"valoir";0,115;0,276;0,346;0,647
"uri";0,297;0,276;0,346;0,001
"unanimité";0,004;0,276;0,346;0,353
"tôt";0,79;0,846;0,664;0,353
"tête";0,297;0,14;0,346;0,647
"témoigner";0,297;0,14;0,346;0,647
"téléphonique";0,297;0,276;0,346;0,001
"travers";0,297;0,846;0,07;0,353
"transformer";0,79;0,14;0,346;0,353
"transfert";0,115;0,276;0,664;0,353
"traitement";0,79;0,276;0,07;0,353
"traditionnellement";0,79;0,846;0,664;0,353
"tomlinson";0,297;0,846;0,346;0,065
"tension";0,297;0,006;0,346;0,353
"séjour";0,297;0,276;0,346;0,001
"séculaire";0,297;0,006;0,346;0,353
"suspens";0,115;0,846;0,346;0,353
"supprimer";0,297;0,276;0,001;0,353
"suffrage";0,115;0,846;0,346;0,353
"spécifique";0,297;0,14;0,664;0,353
"soupçon";0,297;0,14;0,664;0,353
"souffrir";0,297;0,14;0,664;0,353
"souci";0,79;0,846;0,346;0,647
"sinistré";0,297;0,276;0,001;0,353
"schumann";0,297;0,276;0,346;0,001
"satisfaire";0,297;0,276;0,001;0,353
"réticent";0,79;0,14;0,346;0,353
"résumé";0,79;0,276;0,346;0,065
"régulièrement";0,297;0,276;0,664;0,065
"référer";0,297;0,846;0,346;0,065
"rupture";0,79;0,846;0,664;0,353
"retenir";0,297;0,846;0,346;0,065
"restriction";0,297;0,14;0,664;0,353
"restreint";0,79;0,276;0,346;0,065
"remplir";0,115;0,276;0,664;0,353
"relater";0,297;0,276;0,346;0,001
"relais";0,297;0,846;0,07;0,353
"redressement";0,297;0,846;0,07;0,353
"rassemblement";0,297;0,006;0,346;0,353
"rabais";0,004;0,276;0,346;0,353
"quotidien";0,79;0,276;0,07;0,353
"quota";0,79;0,276;0,346;0,065
"pur";0,79;0,846;0,346;0,647
"préoccuper";0,79;0,846;0,346;0,647
"précédent";0,297;0,14;0,664;0,353
"précédemment";0,115;0,276;0,664;0,353
"précisément";0,79;0,276;0,07;0,353
"progresser";0,79;0,14;0,346;0,353
"pression";0,297;0,14;0,346;0,647
"pratiquer";0,79;0,846;0,664;0,353
"poursuite";0,79;0,846;0,664;0,353
"posséder";0,79;0,846;0,664;0,353
"portant";0,115;0,276;0,346;0,647
"populaire";0,004;0,276;0,346;0,353
"politiquement";0,79;0,846;0,664;0,353
"plébiscite";0,297;0,006;0,346;0,353
"pinay";0,297;0,276;0,346;0,001
"pierre";0,297;0,276;0,346;0,001
"petit";0,297;0,14;0,664;0,353
"pensée";0,297;0,006;0,346;0,353
"payer";0,297;0,276;0,001;0,353
"pacte";0,79;0,14;0,346;0,353
"ouvert";0,79;0,14;0,346;0,353
"ottawa";0,115;0,846;0,346;0,353
"organique";0,79;0,14;0,346;0,353
"organe";0,297;0,14;0,664;0,353
"ordinaire";0,297;0,276;0,001;0,353
"offshore";0,297;0,276;0,001;0,353
"officiel";0,297;0,276;0,346;0,001
"office";0,004;0,276;0,346;0,353
"négociateur";0,79;0,846;0,664;0,353
"nécessairement";0,297;0,006;0,346;0,353
"novembre";0,297;0,276;0,346;0,001
"normal";0,297;0,14;0,664;0,353
"nancière";0,297;0,276;0,001;0,353
"mêler";0,297;0,14;0,664;0,353
"monétaire";0,297;0,846;0,07;0,353
"minimum";0,115;0,276;0,664;0,353
"militairement";0,297;0,006;0,346;0,353
"marchandise";0,297;0,846;0,07;0,353
"mandataire";0,115;0,846;0,346;0,353
"machine";0,297;0,276;0,001;0,353
"lourd";0,297;0,14;0,664;0,353
"longuement";0,79;0,276;0,346;0,065
"londres";0,79;0,846;0,346;0,647
"lire";0,297;0,276;0,346;0,001
"libération";0,297;0,846;0,07;0,353
"justifier";0,79;0,276;0,664;0,647
"justement";0,297;0,14;0,664;0,353
"irréversible";0,297;0,276;0,001;0,353
"irréductible";0,115;0,846;0,346;0,353
"inévitablement";0,297;0,14;0,664;0,353
"introduire";0,79;0,846;0,346;0,647
"introduction";0,79;0,276;0,346;0,065
"intime";0,297;0,846;0,346;0,065
"intervalle";0,79;0,846;0,346;0,647
"interpréter";0,79;0,14;0,346;0,353
"intergouvernemental";0,004;0,276;0,346;0,353
"insuffisant";0,297;0,846;0,07;0,353
"insistance";0,297;0,14;0,346;0,647
"initial";0,004;0,276;0,346;0,353
"inflation";0,297;0,846;0,07;0,353
"indépendant";0,115;0,846;0,346;0,353
"incorporer";0,79;0,14;0,346;0,353
"inciter";0,79;0,846;0,664;0,353
"incessamment";0,79;0,276;0,346;0,065
"incertitude";0,297;0,14;0,664;0,353
"inacceptable";0,79;0,14;0,346;0,353
"impliquer";0,79;0,846;0,664;0,353
"impasse";0,297;0,006;0,346;0,353
"hâter";0,297;0,006;0,346;0,353
"hypothèse";0,79;0,276;0,664;0,647
"histoire";0,79;0,14;0,346;0,353
"heurter";0,79;0,276;0,07;0,353
"henckes";0,297;0,276;0,346;0,001
"harmoniser";0,115;0,846;0,346;0,353
"harmonisation";0,79;0,846;0,664;0,353
"habiliter";0,79;0,276;0,07;0,353
"gêner";0,297;0,846;0,346;0,065
"géographique";0,297;0,14;0,664;0,353
"graduel";0,79;0,276;0,07;0,353
"gouverner";0,115;0,276;0,346;0,647
"gouvernemental";0,297;0,276;0,07;0,647
"fur_et_à_mesure";0,297;0,276;0,07;0,647
"frontière";0,297;0,846;0,07;0,353
"fourniture";0,297;0,846;0,07;0,353
"formation";0,115;0,276;0,664;0,353
"fond";0,297;0,276;0,664;0,065
"fixation";0,79;0,276;0,07;0,353
"fidèle";0,297;0,276;0,664;0,065
"faute";0,79;0,846;0,346;0,647
"fatalité";0,297;0,006;0,346;0,353
"faiblesse";0,297;0,14;0,664;0,353
"facteur";0,79;0,846;0,664;0,353
"facilité";0,297;0,846;0,07;0,353
"fabriquer";0,115;0,276;0,664;0,353
"exécuter";0,79;0,276;0,664;0,647
"extrême";0,115;0,276;0,664;0,353
"exportateur";0,297;0,276;0,001;0,353
"exigence";0,297;0,846;0,07;0,353
"exemple";0,79;0,14;0,346;0,353
"etats";0,297;0,14;0,346;0,647
"equipement";0,297;0,276;0,664;0,065
"entité";0,297;0,14;0,664;0,353
"ensanglanté";0,297;0,006;0,346;0,353
"encourager";0,297;0,14;0,664;0,353
"emporter";0,79;0,846;0,346;0,647
"effectivement";0,297;0,846;0,07;0,353
"désuni";0,297;0,006;0,346;0,353
"dérouler";0,297;0,846;0,346;0,065
"dérogation";0,004;0,276;0,346;0,353
"déposer";0,115;0,276;0,346;0,647
"déplacement";0,297;0,276;0,001;0,353
"dépenser";0,297;0,276;0,001;0,353
"défini";0,115;0,276;0,664;0,353
"décrire";0,79;0,846;0,664;0,353
"découler";0,79;0,846;0,346;0,647
"décartellisation";0,004;0,276;0,346;0,353
"doter";0,297;0,14;0,664;0,353
"diviser";0,297;0,846;0,664;0,647
"diversité";0,79;0,14;0,346;0,353
"discrimination";0,115;0,276;0,664;0,353
"différend";0,115;0,276;0,664;0,353
"destin";0,297;0,006;0,346;0,353
"denis";0,79;0,276;0,664;0,647
"demeure";0,297;0,846;0,07;0,353
"céder";0,297;0,14;0,664;0,353
"crise";0,79;0,846;0,664;0,353
"coût";0,297;0,276;0,001;0,353
"correction";0,79;0,276;0,346;0,065
"corps";0,79;0,14;0,346;0,353
"coordonner";0,297;0,276;0,001;0,353
"cooptation";0,004;0,276;0,346;0,353
"convenu";0,297;0,276;0,664;0,065
"contrôler";0,297;0,846;0,07;0,353
"contrevaleur";0,297;0,276;0,001;0,353
"contradiction";0,79;0,846;0,346;0,647
"contexte";0,79;0,14;0,346;0,353
"confusion";0,297;0,846;0,07;0,353
"confirmation";0,79;0,14;0,346;0,353
"condamner";0,297;0,846;0,07;0,353
"concerter";0,297;0,14;0,664;0,353
"comptoir";0,004;0,276;0,346;0,353
"commentaire";0,297;0,276;0,07;0,647
"combler";0,297;0,276;0,001;0,353
"collectivité";0,297;0,846;0,07;0,353
"collaborer";0,79;0,14;0,346;0,353
"cloisonnement";0,297;0,276;0,001;0,353
"climat";0,297;0,006;0,346;0,353
"circulation";0,79;0,276;0,07;0,353
"ci_jointe";0,79;0,276;0,664;0,647
"charbonnier";0,79;0,846;0,346;0,647
"champ";0,004;0,276;0,346;0,353
"certitude";0,297;0,276;0,07;0,647
"capable";0,79;0,14;0,346;0,353
"bénéfice";0,297;0,14;0,664;0,353
"bâtiment";0,297;0,276;0,001;0,353
"budgétaire";0,297;0,846;0,07;0,353
"brièvement";0,79;0,846;0,346;0,647
"bowie";0,79;0,276;0,346;0,065
"bordeaux";0,297;0,846;0,346;0,065
"bloquer";0,79;0,276;0,346;0,065
"bilatéral";0,79;0,846;0,664;0,353
"beau";0,297;0,006;0,346;0,353
"barrière";0,297;0,846;0,07;0,353
"aveu";0,115;0,846;0,346;0,353
"autorisation";0,79;0,276;0,07;0,353
"auprès_des";0,115;0,276;0,346;0,647
"associé";0,79;0,846;0,664;0,353
"approprié";0,79;0,846;0,664;0,353
"approcher";0,79;0,14;0,346;0,353
"antérieur";0,79;0,846;0,664;0,353
"annoncer";0,79;0,846;0,346;0,647
"analogue";0,79;0,276;0,664;0,647
"amélioration";0,297;0,276;0,001;0,353
"amical";0,297;0,276;0,346;0,001
"allèmagne";0,297;0,14;0,664;0,353
"ajuster";0,79;0,846;0,664;0,353
"agence";0,004;0,276;0,346;0,353
"adapter";0,297;0,846;0,07;0,353
"acte";0,79;0,276;0,07;0,353
"accueillir";0,297;0,006;0,346;0,353
"acceptable";0,79;0,846;0,664;0,353
"absolu";0,79;0,846;0,664;0,353
"aborder";0,297;0,14;0,346;0,647
"abandon";0,297;0,006;0,346;0,353
"*pers_Bourbon-Busset-Jacques-Louis-Robert-Marie";0,019;0,974;0,004;0
"*date_1952-02-01";0,001;0;0,419;0,939
"*pers_Westrick-Ludger";0;0;0,02;0,261
"*pers_Marjolin-Robert-Ernest";0,328;0,096;0,149;0,027
"*date_1950-12-4";0,114;0;0;0
"*pers_Blamont-Emile";0,704;0;0,017;0
"*date_1950-12-6";0,707;0,527;0,182;0,103
"*pers_Valéry-François";0,013;0,009;0,024;0,014
"*date_1950-12-3";0,395;0,374;0,442;0,008
"*date_1947-10-02";0,004;0,017;0,038;0
"*location_atlantique";0;0;0,055;0
"*date_1947-10-04";0,037;0,029;0,059;0
"*pers_Adenauer-Konrad";0;0,059;0;0,128
"*pers_Colin-André";0,297;0,276;0,346;0,001
"*pers_Bacon-Paul";0,618;0;0,023;0
"*date_1951-05-18";0,14;0,123;0,719;0
"*pers_Plowden-Edwin-Noel";0,009;0,007;0,301;0,373
"*pers_Labbé-Roland-Georges-Joseph-Marie";0,082;0,118;0,474;0,005
"*location_usa";0,202;0,913;0;0
"*date_1950-09-28";0,017;0,865;0,056;0,429
"*pers_Schneiter-Pierre";0,082;0;0,013;0,042
"*location_bonn";0,783;0,815;0;0
"*date_1951-05-15";0,111;0,41;0,149;0
"*pers_Ferry-Jacques";0,082;0,118;0,474;0,005
"*pers_Marshall-George-Catlett";0;0;0;0
"*pers_Spierenburg-Dirk-Pieter";0,069;0,005;0,009;0
"*location_pays-bas";0,007;0;0;0
"*pers_Saxon-James-Joseph";0,045;0,037;0,07;0
"*pers_Hommel-Nicolas";0,07;0,059;0,102;0
"*pers_Ramadier-Paul";0;0;0,003;0
"*location_ruhr";0;0;0,005;0
"*date_1952-03-19";0,007;0;0,002;0,15
"*date_1952-02-15";0,001;0,018;0,445;0,936
"*location_norvège";0,909;0,021;0,042;0,739
"*location_genève";0;0,075;0,123;0,504
"*pers_Serrarens-Petrus";0;0,023;0,049;0,463
"*date_1950-11-28";0,07;0,059;0,102;0
"*pers_François-Poncet-André";0,125;0,029;0,004;0,276
"*date_1951-03-24";0,293;0,059;0,102;0
"*date_1952-02-18";0,201;0,769;0,001;0,121
"*date_1948-04-18";0;0,237;0,898;0,01
"*date_1950-10-14";0,313;0;0,002;0,076
"*date_1949-10-30";0,551;0;0,036;0,001
"*date_1951-01-6";0,87;0,002;0,075;0
"*date_1952-07-29";0;0,018;0,041;0,573
"*pers_Pilotti-Massimo";0,165;0,328;0,024;0
"*date_1952-07-23";0,048;0,251;0,102;0,426
"*date_1952-07-22";0,374;0,013;0,002;0
"*date_1952-06-28";0;0;0;0,149
"*date_1950-12-22";0,39;0,503;0,056;0,772
"*pers_Bruce-David";0,007;0,994;0;0,411
"*pers_Ophuels-Carl-Friedrich";0,73;0,842;0,049;0,161
"*date_1952-01-6";0,944;0,884;0,276;0,183
"*location_lisbonne";0,074;0,036;0,031;0,011
"*date_1950-12-28";0,044;0,003;0,04;0,002
"*location_belgique";0,01;0;0;0
"*pers_Van-Helmont-Jacques";0;0,005;0,328;0,359
"*date_1952-06-26";0,297;0,276;0,346;0,001
"*date_1951-01-17";0,035;0,156;0,713;0,741
"*location_russie";0,99;0,008;0,033;0,453
"*location_pologne";0,99;0,008;0,033;0,453
"*location_bordeaux";0,013;0,328;0,07;0,061
"*pers_Blum-Léon";0,004;0,017;0,038;0
"*location_paris";0,744;0,221;0;0
"*pers_Gouin-Félix";0,045;0,037;0,07;0
"*pers_McCloy-Jonh-Jay";0;0,321;0;0,164
"*pers_Baraduc-Pierre-Jacques";0,065;0,411;0,323;0,039
"*date_1950-11-30";0;0,005;0,328;0,359
"*location_benelux";0,108;0,103;0;0
"*pers_Auriol-Vincent";0,045;0,037;0,07;0
"*location_sarre";0;0;0;0
"*location_grande-bretagne";0,143;0,546;0;0
"*pers_Reynaud-Paul";0,07;0,251;0,102;0
"*date_1948-05-10";0,013;0,328;0,07;0,061
"*pers_Philip-André";0,07;0,251;0,102;0
"*pers_Bevin-Ernest";0,001;0;0,001;0,006
"*pers_Finet-Paul-C.E.";0,297;0,846;0,346;0,065
"*date_1951-05-8";0,193;0,527;0,182;0,516
"*date_1950-09-9";0,001;0;0,024;0,076
"*date_1951-10-10";0;0,075;0,123;0,504
"*pers_Passe-Georges";0,082;0,118;0,474;0,005
"*pers_Maud'Huy-Bertrand-de";0,297;0,276;0,664;0,065
"*pers_Massigli-René";0,136;0,633;0,02;0,001
"*pers_Mollet-Guy";0,252;0;0;0
"*pers_Hoffman-Paul-Gray";0;0,237;0,898;0,01
"*pers_Valay-Gabriel";0,122;0,151;0,178;0,204
"*location_moselle";0,14;0,123;0,719;0
"*date_1951-01-22";0;0,003;0,609;0,115
"*date_1951-02-3";0,002;0,003;0,007;0,007
"*date_1951-01-27";0,768;0,685;0,102;0,016
"*date_1951-02-7";0,496;0,16;0,88;0,342
"*date_1947-05-12";0;0;0;0
"*date_1950-06-06";0,122;0,151;0,178;0,204
"*pers_Pleven-René";0;0;0;0,452
"*pers_Snyder-John-Wesley";0;0,002;0,007;0
"*pers_Bonnefous-Edouard";0,07;0,251;0,102;0
"*pers_Tomlinson-William-Mahon";0,123;0,084;0,067;0,037
"*pers_Hubert-Lucien-Louis-Théodore";0,03;0,098;0,192;0
"*date_1953-02-19";0,297;0,846;0,346;0,065
"*location_ottawa";0,084;0,006;0,048;0,002
"*pers_Caffery-Jefferson";0,001;0,004;0,013;0
"*pers_Daum-Léon";0,367;0,836;0,883;0,301
"*date_1952-04-10";0,902;0,302;0,23;0,823
"*date_1953-02-10";0,297;0,14;0,346;0,647
"*pers_Wehrer-Albert";0,081;0,141;0,064;0
"*location_strasbourg";0,002;0;0;0
"*location_italie";0,014;0,005;0;0
"*location_berlin";0,136;0;0,01;0
"*pers_Uri-Pierre-Emmanuel";0,374;0,013;0,002;0
"*pers_MacChesney-Alfred-Brunson";0,004;0,017;0,038;0
"*date_1951-12-12";0,395;0,374;0,442;0,008
"*date_1952-07-18";0,021;0,562;0,123;0,129
"*pers_Pinay-Antoine";0,972;0,524;0,003;0
"*date_1952-01-25";0,483;0,075;0,486;0,06
"*location_chine";0,99;0,008;0,033;0,453
"*pers_Etzel-Franz";0,367;0,836;0,883;0,301
"*pers_Thibodeaux-Ben.-H.";0,111;0,096;0,149;0
"*location_tunisie";0,099;0,078;0,901;0
"*pers_Quaroni-Pietro";0,165;0,328;0,024;0
"*pers_Louvel-Jean-Marie";0;0;0,002;0
"*date_1952-10-2";0,739;0,16;0,359;0,342
"*pers_Willner-Sydney-H";0;0,005;0,02;0,183
"*pers_Suetens-Max";0,013;0,009;0,024;0,014
"*date_1950-06-14";0,136;0,633;0,02;0,001
"*pers_Coppé-Albert";0,297;0,14;0,346;0,647
"*location_angleterre";0,006;0;0,001;0,02
"*pers_Durand-André-Gaston";0,099;0,078;0,901;0
"*date_1950-09-22";0,006;0;0,001;0,02
"*location_corée";0;0;0;0
"*date_1953-01-06";0;0,243;0,041;0,469
"*date_1952-07-9";0,99;0,008;0,033;0,453
"*pers_Atlee-Clement";0,136;0,633;0,02;0,001
"*pers_Brunet-Jean-Pierre";0;0,075;0,123;0,504
"*pers_Cripps-Sir-Stafford";0;0,237;0,898;0,01
"*pers_Chauvel-Jean-Michel-Henri";0,045;0,037;0,07;0
"*date_1952-07-01";0;0,005;0,02;0,183
"*date_1951-12-28";0,065;0,411;0,323;0,039
"*date_1953-05-9";0,909;0,021;0,042;0,739
"*pers_Desjeunes-Suzanne";0;0,005;0,328;0,359
"*location_la-havane";0,399;0;0;0
"*date_1951-12-22";0,002;0;0,007;0,001
"*pers_Bourgès-Manoury-Maurice";0,001;0,009;0,047;0,206
"*pers_Henle-Guenter";0;0,005;0,02;0,183
"*location_indochine";0,001;0,003;0,255;0,416
"*pers_Churchill-Sir-Winston-Leonard-Spencer";0,001;0;0,419;0,939
"*date_1948-06-25";0,387;0;0;0,009
"*location_france";0;0;0;0
"*pers_Pelou-Maurice";0,707;0,123;0,182;0,009
"*location_luxembourg";0;0;0;0,003
"*location_lorraine";0,157;0,677;0,024;0
"*pers_Clappier-Bernard";0;0;0;0,11
"*date_1952-07-10";0,297;0,276;0,346;0,001
"*pers_Schuman-Robert";0,371;0,012;0;0
"*date_1950-09-16";0,069;0;0,002;0,624
"*date_1950-09-14";0,188;0,009;0,713;0,29
"*date_1950-09-18";0,001;0;0,025;0
"*pers_Spaak-Paul-Henri";0,161;0,928;0,159;0,005
"*pers_Charpentier-Pierre-Albert";0,013;0,009;0,024;0,014
"*location_danemark";0,909;0,021;0,042;0,739
"*location_maroc";0,002;0;0,007;0,001
"*pers_Ely-Paul-Henry-Romuald";0,483;0,075;0,486;0,06
"*pers_Acheson-Dean";0,119;0;0,011;0,155
"*location_quai-d-orsay";0,909;0,021;0,042;0,739
"*location_europe";0;0;0;0
"*location_bruxelles";0,003;0;0,447;0
"*pers_Guindey-Guillaume";0;0,002;0,006;0
"*pers_Erhard-Ludwig";0;0,006;0;0,016
"*date_1952-10-17";0,328;0,096;0,149;0,027
"*location_inde";0;0,029;0,059;0,637
"*location_afrique";0,909;0,021;0,042;0,739
"*date_1950-11-13";0,157;0,677;0,024;0
"*location_la-haye";0;0,009;0,004;0,457
"*date_1950-11-10";0,297;0,276;0,664;0,065
"*date_1950-11-17";0,082;0,118;0,474;0,005
"*date_1949-05-17";0,297;0,276;0,346;0,001
"*pers_Henckes-J.B.";0,07;0,059;0,102;0
"*pers_Jouhaux-Léon";0;0,237;0,898;0,01
"*location_new-york";0,001;0;0;0
"*pers_Parodi-Alexandre";0;0;0;0,056
"*pers_Harvey-Oliver-Charles";0,001;0;0,419;0,939
"*pers_Hallstein-Walter";0,002;0,014;0;0,145
"*pers_Bowie-Robert-Richardson";0,003;0,042;0,001;0,016
"*pers_Denis-Pierre";0,001;0,004;0,294;0
"*pers_Strang-Sir-William";0,136;0,633;0,02;0,001
"*pers_Queuille-Henri";0,042;0,002;0;0,751
"*pers_Petsche-Maurice";0,556;0;0,02;0
"*location_washington";0;0;0;0
"*date_1953-01-7";0,79;0,276;0,346;0,065
"*pers_Henry-Pierre";0,07;0,251;0,102;0
"*pers_Hayter-Sir-William-Goodenough";0,177;0,002;0,239;0,458
"*pers_Teitgen-Pierre-Henri";0,045;0,037;0,07;0
"*pers_Mayer-René";0;0,655;0,003;0,004
"*pers_Poher-Alain-Emile-Louis-Marie";0,013;0,009;0,024;0,014
"*pers_Harriman-William-Averell";0,244;0,164;0,181;0,282
"*date_1953-04-27";0,115;0,276;0,346;0,647
"*location_gênes";0,909;0,021;0,042;0,739
"*location_pentagone";0,313;0;0,002;0,076
"*date_1948-05-7";0,052;0,039;0,609;0
"*date_1950-05-01";0;0;0,903;0
"*location_royaume-uni";0;0;0;0,002
"*pers_Finnet-Paul-C.E.";0;0,023;0,049;0,463
"*date_1950-05-07";0,551;0,031;0,034;0,401
"*date_1951-03-9";0;0,055;0,012;0,374
"*location_suède";0,909;0,021;0,042;0,739
"*pers_Regan";0,297;0,276;0,346;0,001
"*pers_Watts-Philip-H.";0,004;0,017;0,038;0
"*pers_Hirsch-Etienne";0,125;0,032;0,194;0
"*pers_Bidault-Georges";0,006;0,005;0;0,645
"*date_1951-03-10";0,002;0,046;0,085;0,559
"*pers_Eden-Anthony";0,437;0,001;0,028;0,652
"*location_amérique";0;0;0,568;0
"*date_1951-03-19";0,395;0,495;0,442;0,347
"*date_1949-04-09";0,075;0,004;0;0,374
"*location_californie";0;0,237;0,898;0,01
"*location_allemagne";0,074;0;0,774;0
"*pers_Mayer-Daniel";0,297;0,276;0,346;0,001
"*date_1951-05-08";0,17;0,918;0,024;0,481
"*pers_Aubrun-Jules";0,021;0,132;0,273;0
"*date_1950-08-15";0,07;0,251;0,102;0
"*date_1950-08-14";0;0,048;0;0
"*date_1952-12-01";0,79;0,276;0,346;0,065
"*date_1951-09-25";0,005;0,455;0,276;0,29
"*pers_Bonnet-Henri";0;0,057;0,026;0
"*pers_Buron-Robert-Albert-Gaston";0,446;0;0,038;0
"*pers_Ségalat-André";0,645;0,059;0,102;0,001
"*pers_Faure-Edgar-Jean";0,263;0;0,857;0
"*location_suisse";0,909;0,021;0,042;0,739
"*location_etats-unis";0;0;0,005;0,345
"*pers_Herter-Christian-Archibald";0;0,002;0,007;0
"*pers_Moch-Jules";0,297;0,276;0,346;0,001
"*location_dakar";0,909;0,021;0,042;0,739
"*pers_Aron-Alexis";0,312;0,001;0,135;0
"*pers_Hoffmann-Johannes";0;0,055;0,012;0,374
"*pers_Couve-de-Murville-Jacques-Maurice";0;0;0;0,056
"*pers_Giacchero-Enzo";0,367;0,836;0,883;0,301
"*pers_Le-Vert-Paul-Maurice";0;0,913;0;0,287
"*pers_Monnet-Jean";0,064;0,453;0;0
"*pers_De-Gasperi-Alcide";0,99;0,008;0,033;0,453
